{"intents": [
        {"tag": "loichao",
          "patterns": ["Hello", 
                       "xin chao", 
                       "Bạn khỏe không", 
                       "Có ai ở đó không ?", 
                       "Xin chào", 
                       "Chúc một ngày tốt lành"],
          "responses": ["Xin chào, cảm ơn bạn đã ghé thăm", 
                        "Rất vui được gặp lại", 
                        "Xin chào, tôi có thể giúp gì cho bạn  ?"]
         },
        {"tag": "tambiet",
         "patterns": ["Bye", 
                      "See you later", 
                      "Goodbye",
                      "tạm biệt", 
                      "chào nhé"],
         "responses": ["Hẹn gặp lại, cảm ơn đã ghé thăm", 
                       "Chúc một ngày tốt lành", 
                       "Tạm biệt! Hãy quay lại sớm.",
                       "Chào cậu. lần khác nói tiếp nhé"]
        },
        {"tag": "camon",
         "patterns": ["Cảm ơn", 
                      "thanks", 
                      "cảm ơn bạn nha"],
         "responses": ["Vui vẻ giúp đỡ!", 
                       "Không có gì nha", 
                       "Hân hạnh"]
        },
         {"tag": "Khoe",
         "patterns": ["khỏe khong", 
                      "Bạn có khỏe không", 
                      "khỏe không  ?",
                      "bạn khỏe không"],
         "responses": ["Tớ vẫn khỏe, chat chit suốt ngày. hi hi"]
        },
        {"tag": "Thoitiet",
         "patterns": ["thời tiết hôm nay thế nào"],
         "responses": ["Không tệ",
                       "Trời trong xanh bao la mấy trắng trắng xóa"]
        },
        {"tag": "Ten",
         "patterns": ["Bạn tên là gì "],
         "responses": ["Mình là chatbot"]
        },
        {"tag": "options",
          "patterns": ["Bạn có thể giúp tôi như thế nào  ?", 
                       "Bạn có thể làm gì ?", 
                       "Bạn giúp được gì ?", 
                       "Bạn có thể hữu ích như thế nào ?", 
                       "Hỗ trợ nào được cung cấp"],
          "responses": ["Tôi có thể hướng dẫn bạn các thông tin về pháp luật Việt Nam"]
         },
         {"tag": "noAnswer",
         "patterns": [],
         "responses": ["Xin lỗi, không thể hiểu được bạn", 
                       "Vui lòng cho tôi biết thêm thông tin", 
                       "Tôi không chắc tôi hiểu"]
        },
        {"tag": "daiphancach",
         "patterns": ["Có mấy loại dải phân cách ?",
                      "Dải phân cách có mấy loại",
                      "Kể tên các loại dải phân cách",
                      "Nêu tên các loại dải phân cách"],
         "responses": [" Loại cố định và Loại di động"]
        },
        {"tag": "nguoithamgia_giaothong",
         "patterns": ["Người tham gia giao thông đường bộ gồm những thành phần nào",
         			  "Có những thành phần người tham gia giao thông đường bộ nào",
         			  "Kể tên các thành phần người tham gia giao thông đường bộ nào"],
         "responses": [" Người điều khiển, người sử dụng phương tiện tham gia giao thông đường bộ Người điều khiển, dẫn dắt súc vật, Người đi bộ trên đường bộ"]
        },
        {"tag": "quytac_giaothong",
         "patterns": ["Người tham gia giao thông phải đi như thế nào là đúng quy tắc giao thông",
                      "Đi như thê nào là đúng theo quy tắc giao thông"],
         "responses": [" Đi bên phải theo chiều đi của mình, Đi đúng phần đường quy định, Chấp hành hệ thống báo hiệu đường bộ"]
        },
        {"tag": "den_vang",
         "patterns": ["Khi đèn tín hiệu giao thông màu vàng bật sáng, người điều khiển phương tiện đi chưa đến vạch dừng thì phải làm gì ?",
                      "gặp đèn vàng bật sáng thì ta phải làm gì khi chưa đến vạch dừng", 
                      " Khi chưa đến vạch dừng mà gặp đèn vàng bật sáng thì ta phải làm gì "],
         "responses": ["Dừng lại trước vạch dừng"]
        },
        {"tag": "den_vangnhapnhay",
         "patterns": ["Khi gặp tín hiệu đèn giao thông màu vàng nhấp nháy, người tham gia giao thông có được phép đi tiếp không ?",
                      "gặp đèn vàng bật nhấp nháy thì ta phải làm gì khi chưa đến vạch dừng", 
                      " Khi chưa đến vạch dừng mà gặp đèn vàng bật nhấp nháy thì ta phải làm gì "],
         "responses": ["Được đi nhưng phải giảm tốc độ, chú ý quan sát, nhường đường cho người đi bộ qua đường."]
        },        
        {"tag": "giayto_tren50cc",
         "patterns": ["Người điều khiển xe môtô trên 50 phân khối bắt buộc phải có giấy tờ gì  ?",
                      " Cần có gấy tờ gì khi điều khiển xe mô tô trên 50 phân khối",
                      "điều khiển xe motô trên 50 phân khối cần có giấy tờ gì"],
         "responses": ["Giấy phép lái xe, Chứng nhận đăng kí xe, Bảo hiểm dân sự"]
        },
        {"tag": "giayto_duoi50cc",
         "patterns": ["Người điều khiển xe môtô dưới 50 phân khối bắt buộc phải có giấy tờ gì  ?",
                      " Cần có gấy tờ gì khi điều khiển xe mô tô dưới 50 phân khối",
                      "điều khiển xe motô dưới 50 phân khối cần có giấy tờ gì"],
         "responses": ["Chứng nhận đăng kí xe, Bảo hiểm dân sự"]
        },
        {"tag": "doimu_baohiem",
         "patterns": ["Người điều khiển xe đạp máy, xe máy điện có bắt buộc đội mũ bảo hiểm không  ?",
                      "Khi chạy xe đạp máy , xe điện có cần đội mũ bảo hiểm không",
                      "Bắt buộc phải đội mũ bảo hiểm khi chạy xe đạp điện. xe máy điện phải không  ?"],
         "responses": ["Phải Đội mũ bảo hiểm có cài quai đúng quy cách"]
        },
        {"tag": "dentinhieu_nguoidibo",
         "patterns": ["Đèn tín hiệu giao thông dành cho người đi bộ có mấy màu ?",
                      "Có mấy màu trên đèn tín hiệu giao thông dành cho người đi bộ"],
         "responses": ["2 màu"]
        },
        {"tag": "quydinh_dungcoi",
         "patterns": ["Trong đô thị trường hợp nào dưới đây xe không được dùng còi (trừ các xe ưu tiên theo Luật định) ?",
                      "Không được dùng còi trong đô thị trong thời gian nào",
                      "Thời gian nào xe đi trong đô thị không được dùng còi ?"],
         "responses": ["Từ 22h đến 5h sáng hôm sau"]
        },
        {"tag": "Tuoi_laixe50cc",
         "patterns": ["Người điều khiển xe môtô hai bánh, ba bánh có dung tích xi lanh từ 50 cm3 trở lên phải đủ bao nhiêu tuổi ?",
                      "Đủ bao nhiêu tuổi mới được điều khiển xe motô hai bánh, ba bánh có dung tích 50cm3 trở lên"],
         "responses": ["18 tuổi"]
        },
        {"tag": "tocdo_khuvucdcc",
         "patterns": ["Trên đường bộ trong khu vực đông dân cư xe môtô hai bánh, ba bánh, xe máy được lưu thông với tốc độ tối đa là bao nhiêu km/h ?",
                      "Tốc độ tối đa khi sử dụng xe môtô hai bánh, ba bánh, xe máy khi lưu thông trong khu vực đông dân cư"],
         "responses": ["40 km/h"]
        },
        {"tag": "mangvac_congkenh",
         "patterns": ["Người ngồi trên xe mô tô hai bánh, ba bánh, xe gắn máy khi tham gia giao thông có được mang vác vật cồng kềnh hay không ?"],
         "responses": ["Không được mang, vác"]
        },
        {"tag": "16ruoi_laixe",
         "patterns": ["Người đủ 16 tuổi được điều khiển các loại xe nào dưới đây ?",
                      "Loại xe nào được điều khiển khi đủ 16 tuổi",
                      "Kể tên các loại xe được điều khiển khi đủ 16 tuổi",
                      "Nêu ra các loại xe người đủ 16 tuổi được điều khiển"],
         "responses": ["Xe gắn máy có dung tích lanh từ 50cm³ trở xuống."]
        },
        {"tag": "vuotxe_giamtocdo",
         "patterns": ["Người lái xe phải giảm tốc độ thấp hơn tốc độ tối đa cho phép đến mức không nguy hiểm trong các trường hợp nào dưới đây ?",
         			  "Các trường hợp nào người lái xe phải giảm tốc độ thấp hơn tốc độ tối đa cho phép đến mức không nguy hiểm  ?"],
         "responses": ["Khi cho xe chạy sau vượt."]
        },
        {"tag": "bao_hieuxinvuot",
         "patterns": ["Trong đô thị và khu đông dân cư từ 22 giờ đến 5 giờ xe xin vượt phải báo hiệu như thế nào ?",
                      "từ 22 giờ đến 5 giờ trong đô thị và khu đông dân cư xe xin vượt phải báo hiệu như thế nào ?",
                      "Khi xin vượt phải trong đô thi và khu đông dân cư từ 22 giờ đến 5 giờ thì xe phải xin vượt như thế nào  ?" ],
         "responses": ["Báo hiệu bằng đèn tín hiệu"]
        },
        {"tag": "chonguoi_xedap",
         "patterns": ["Người điều khiển xe đạp chỉ được chở một người, trường hợp nào dưới đây thì được chở tối đa hai người ?",
                      "Trường hợp nào thì được chở tối đa hai người khi điều khiển xe đạp chỉ được chở một người ",
                      "Kể tên các trường hợp Trường hợp nào thì được chở tối đa hai người khi điều khiển xe đạp chỉ được chở một người"],
         "responses": ["Trẻ em dưới 7 tuổi"]
        },
        {"tag": "giuptre_quaduong",
         "patterns": ["Ai là người có trách nhiệm giúp đỡ trẻ em dưới 7 tuổi khi đi qua đường ?",
                      "Người có trách nhiệm giúp đỡ trẻ em dưới 7 tuổi qua đường là ai ",
                      "Khi gặp trẻ em dưới 7 tuổi muốn qua đường ai là người có trách nhiệm giúp đỡ chúng  ?"],
         "responses": ["Cảnh sát giao thông, Người tham gia giao thông, Người thấy trẻ em qua đường"]
        },
        {"tag": "trachnhiem_taihientruong",
         "patterns": ["Những người có mặt tại nơi xảy ra vụ tai nạn có trách nhiệm gì sau đây ?",
                      "Phải làm gì khi có mặt tại nơi xảy ra vụ tai nạn",
                      "Chúng ta có trách nhiệm gì khi có mặt tại nơi xảy ra vụ tại nạn"],
         "responses": ["Bảo vệ hiện trường; Giúp đỡ, cứu chữa kịp thời người bị nạn; Báo tin ngay cho cơ quan công an, y tế hoặc Ủy ban nhân dân nơi gần nhất;"]
        }, 
        {"tag": "phattien_sudungdt",
         "patterns": ["Người đang điều khiển xe môtô, xe gắn máy sử dụng điện thoại di động thì bị phạt bao nhiêu tiền ?",
                      "Bị phạt bao nhiêuu tiền khi sử dụng điẹn thoại khi đang điều khiển xe môtô, xe gắn máy",
                      "Số tiền bị phạt khi sử dụng điện thoại trong quá trình điều khiển xe môtô, xe gắn máy"],
         "responses": ["Phạt từ 600.000 đồng đến 1.000.000 đồng"]
        },   
        {"tag": "phattien_dihang3",
         "patterns": ["Điều khiển xe môtô, xe gắn máy chạy dàn hàng ngang từ 3 (ba) xe trở lên thì bị phạt bao nhiêu tiền ?",
                      "Bị phạt bao nhiêuu tiền khi Điều khiển xe môtô, xe gắn máy chạy dàn hàng ngang từ 3 (ba) xe trở lên ",
                      "Số tiền bị phạt khi Điều khiển xe môtô, xe gắn máy chạy dàn hàng ngang từ 3 (ba) xe trở lên"],
         "responses": ["Phạt từ 100.000 đồng đến 200.000 đồng"]
        },  
        {"tag": "phattien_sudungdtuatocdo5-10km",
         "patterns": ["Điều khiển xe môtô, xe gắn máy chạy quá tốc độ quy định từ 05 km/h đến dưới 10 km/h thì bị phạt bao nhiêu tiền ?",
                      "Bị phạt bao nhiêu tiền khi chạy xe môtô, xe gắn máy quá tốc độ quy định từ 05 km/h đến dưới 10 km/h ",
                      "Số tiền bị phạt khi Chạy xe môtô, xe gắn máy quá tốc độ quy định từ 05 km/h đến dưới 10 km/h ",
                      "Điều khiển xe mô tô xe gắn máy quá tốc độ 5km/h đên 10km/h có bị phạt tiền không ?"],
         "responses": ["Phạt từ 200.000 đồng đến 300.000 đồng"]
        },  
        {"tag": "phattien_sudungdtuatocdotren20km",
         "patterns": ["Điều khiển xe môtô, xe gắn máy chạy quá tốc độ quy định trên 20km thì bị phạt bao nhiêu tiền ?",
         			  "Bị phạt bao nhiêu tiền khi điều khiển xe môtô, xe gắn máy chạy quá tốc độ quy định trên 20km",
         			  "Số tiền bị phạt khi điều khiển xe môtô, xe gắn máy chạy quá tốc độ quy định trên 20km",
         			  "Điều khiển xe môtô, xe gắn máy chạy quá tốc độ quy định trên 20km có bị phạt tiền không  ?"],
         "responses": ["Phạt từ 4.500.000 đồng đến 5.000.000 đồng đồng thời bị tước quyền sử dụng Giấy phép lái xe 30 (ba mươi) ngày."]
        },          
        {"tag": "phattien_khongmubaohiem",
         "patterns": ["Điều khiển xe môtô, xe gắn máy không đội mũ bảo hiểm hoặc đội mũ bảo hiểm không cài quai đúng quy cách khi tham gia giao thông trên đường bộ thì bị phạt bao nhiêu tiền ?",
                      "Bị phạt bao nhiêu tiền khi điều khiển xe môtô, xe gắn máy không đội mũ bảo hiểm hoặc đội mũ bảo hiểm không cài quai đúng quy cách ",
                      "Không  đội mũ bảo hiểm hoặc đội mũ bảo hiểm không cài quai đúng quy cách khi tham gia giao thông trên đường bộ thì bị phạt bao nhiêu tiền ?"],
         "responses": ["Phạt từ 200.000 đồng đến 300.000 đồng"]
        },          
        {"tag": "phattien_tinhieugiaothong",
         "patterns": ["Điều khiển xe môtô, xe gắn máy không chấp hành hiệu lệnh của đèn tín hiệu giao thông thì bị phạt bao nhiêu tiền ?",
                      "Bị phạt bao nhiêu tiền khi điều  xe môtô, xe gắn máy không chấp hành hiệu lệnh của đèn tín hiệu giao thông",
                      "Không chấp hành theo hiệu lệnh của đèn tín hiệu giao thông khi điều khiển xe gắn máy xe motô  thì bị phạt bao nhiêu tiền  ?"],
         "responses": ["Phạt từ 800.000 đồng đến 1.000.000 đồng"]
        },          
        {"tag": "phattien_nongdocon",
         "patterns": ["Điều khiển xe môtô trên đường mà trong máu hoặc hơi thở có nồng độ cồn vượt quá 50 miligam đến 80 miligam/100 mililít máu hoặc vượt quá 0,25 miligam đến 0,4miligam thì bị xử lý như thế nào ?",
         	          "Trong máu hoặc hơi thở có nồng độ cồn vượt quá 50 miligam đến 80 miligam/100 mililít máu hoặc vượt quá 0,25 miligam đến 0,4miligam khi điều khiển xe môtô xe gắn máy thì bị xử lý như thế nào ?",
         	          "Trong máu có nồng độ cồn vượt quá 50 miligam đến 80 miligam/100 mililít máu khi điều khiển xe môtô xe gắn máy thì bị xử lý như thế nào ?",
         	          "Trong hơi thở có nồng độ cồn  vượt quá 0,25 miligam đến 0,4 miligam thì bị xử lý như thế nào ?"],
         "responses": ["Phạt tiền từ 500.000 đồng đến 1.000.000 đồng, đồng thời bị tước quyền sử dụng Giấy phép lái xe 30 (ba mươi) ngày và tạm giữ phương tiện đến 10 (mười) ngày."]
        },    
        {"tag": "phattien_nongdocon2",
         "patterns": ["Điều khiển xe môtô trên đường mà trong máu hoặc hơi thở có nồng độ cồn vượt quá 80 miligam/100 mililít máu hoặc vượt quá 0,4 miligam/1 lít khí thở thì bị xử lý như thế nào ?",
         			  "Trong máu hoặc hơi thở có nồng độ cồn vượt quá 80 miligam/100 mililít máu hoặc vượt quá 0,4 miligam/1 lít khí thở khi điều khiển xe môtô xe gắn máy thì bị xử lý như thế nào ?",
         			  "Trong máu có nồng độ cồn vượt quá 80 miligam/100 mililít máu khi điều khiển xe môtô xe gắn máy thì bị xử lý như thế nào ?",
         			  "Trong hơi thở có nồng độ cồn vượt quá 0,4 miligam/1 lít khí thở khi điều khiển xe môtô xe gắn máy thì bị xử lý như thế nào ?"],
         "responses": ["Phạt tiền từ 2.000.000 đồng đến 3.000.000 đồng, đồng thời bị tước quyền sử dụng Giấy phép lái xe 60 (sáu mươi) ngày và tạm giữ phương tiện đến 10 (mười) ngày."]
        },  
        {"tag": "phattien_langlachdanhvong",
         "patterns": ["Điều khiển xe môtô, xe gắn máy lạng lách hoặc đánh võng trên đường bộ thì bị phạt bao nhiêu tiền ?",
                      "Đi xe môtô, xe gắn máy lạng lách đánh võng bị phạt bao nhiêu tiền",
                      "Số tiền bị phạt khi Điều khiển xe môtô, xe gắn máy lạng lách hoặc đánh võng trên đường bộ"],
         "responses": ["Phạt từ 5.000.000 đồng đến 700.000 đồng"]
        },  
        {"tag": "phattien_dabongtrenduong",
         "patterns": ["Tụ tập đá bóng, đá cầu, chơi cầu lông trên đường giao thông thì bị phạt bao nhiêu tiền ?",
         			  "Trên đường giao thông mà Tụ tập đá bóng, đá cầu, chơi cầu lông thì bị phạt bao nhiêu tiền ",
         			  "Số tiền bị phạt khi Tụ tập đá bóng, đá cầu, chơi cầu lông trên đường giao thông"],
         "responses": ["Phạt từ 100.000 đồng đến 200.000 đồng"]
        },  
        {"tag": "phattien_phoithoclua",
         "patterns": ["Phơi thóc, lúa, rơm, rạ, nông, lâm, hải sản trên đường bộ thì bị phạt bao nhiêu tiền ?",
         			  "Có bị phạt tiền khi phơi thóc, lúa, rơm, rạ, nông, lâm, hải sản trên đường bộ"],
         "responses": ["Phạt từ 100.000 đồng đến 200.000 đồng"]
        },  
        {"tag": "phattien_doracthairaduong",
         "patterns": ["Đổ rác, xả nước thải ra đường phố không đúng nơi quy định thì bị phạt bao nhiêu tiền ?",
         			  "Có bị phạt tiền khi đổ rác, xả nước thải ra đường phố không đúng nơi quy định không ?"],
         "responses": ["Phạt từ 500.000 đồng đến 1.000.000 đồng"]
        },  
        {"tag": "phattien_dieukhienchuadutuoi",
         "patterns": ["Người từ đủ 16 tuổi đến dưới 18 tuổi điều khiển xe mô tô có dung tích xi lanh từ 50 cm3 trở lên thì bị xử phạt như thế nào ?"],
         "responses": ["Phạt tiền từ 400.000 đồng đến 600.000 đồng, đồng thời bị tạm giữ phương tiện đến 10 (mười) ngày."]
        },  
        {"tag": "phattien_khonggiayphep",
         "patterns": ["Người điều khiển xe mô tô không có Giấy phép lái xe thì bị xử phạt như thế nào ?"],
         "responses": ["Phạt tiền từ 800.000 đồng đến 1.200.000 đồng, đồng thời bị tạm giữ phương tiện đến 10 (mười) ngày."]
        },
        {"tag": "phattien_khongdudieukien",
         "patterns": ["Chủ xe mô tô, xe gắn máy giao xe hoặc để cho người không đủ điều kiện theo quy định của pháp luật điều khiển xe tham gia giao thông thì bị xử phạt như thế nào ?"],
         "responses": ["Phạt từ 800.000 đồng đến 1.200.000 đồng"]
        },
        {"tag": "phattien_dihang3xedap",
         "patterns": ["Người điều khiển xe đạp, xe đạp máy đi dàn hàng ngang từ ba xe trở lên thì bị xử lý như thế nào ?"],
         "responses": ["Phạt cảnh cáo hoặc phạt tiền từ 40.000 đồng đến 60.000 đồng"]
        },
        {"tag": "phattien_tha2tay",
         "patterns": ["Điều khiển xe đạp, xe đạp máy buông cả hai tay thì bị xử lý như thế nào ?",
                      "chạy xe đạp hoặc xe máy buông cả 2 tay thì bị xử lý như nào  ?"],
         "responses": ["Phạt từ 80.000 đồng đến 100.000 đồng"]
        },
        {"tag": "phattien_langlachdanhvongxedap",
         "patterns": ["Điều khiển xe đạp, xe đạp máy lạng lách, đánh võng; đuổi nhau trên đường thì bị xử lý như thế nào ?",
                     "Đi xe đạp lạng lách đánh võng bị phạt bao nhiêu tiền "],
         "responses": ["Phạt từ 100.000 đồng đến 200.000 đồng"]
        },
        {"tag": "phattien_1banhxedap",
         "patterns": ["Điều khiển xe đi bằng một bánh đối với xe đạp, xe đạp máy thì bị xử lý như thế nào ?"],
         "responses": ["Phạt từ 100.000 đồng đến 200.000 đồng"]
        },
       {"tag": "phuongtien_uutien",
         "patterns": ["Phương tiện giao thông nào được ưu tiên khi tham gia giao thông.", 
                      "khi tham gia giao thông phương tiện giao thông nào được ưu tiên "],
         "responses": ["Xe cứu hỏa."]
        },       
       {"tag": "duong_khongantoan",
         "patterns": ["Đường nào là đường không an toàn ?",
                      "Đường không an toàn là  gì ",
                      "Như thế nào là đường không an toàn "],
         "responses": ["Đường có nhiều cây cối và nhà cửa che khuất tầm nhìn"]
        },      
       {"tag": "songuoi_trenxe",
         "patterns": ["Khi đi xe máy trên đường, số người ngồi trên xe thế nào là không đúng quy định ?",
                     " Số người ngồi trên xe máy khi tham gia giao thông như nào là đúng quy định "],
         "responses": ["Chở 1 người ngồi sau."]
        },   
        {"tag": "phuongtien_giaothong",
         "patterns": ["Phương tiện giao thông đường bộ gồm những loại nào ?"],
         "responses": ["Phương tiện giao thông cơ giới đường bộ, phương tiện giao thông thô sơ đường bộ"]
        },              
        {"tag": "phuongtien_giaothongcogioi",
         "patterns": ["Phương tiện giao thông cơ giới đường bộ gồm những loại nào ?"],
         "responses": ["Gồm xe ô tô, máy kéo, rơ moóc hoặc sơ mi rơ moóc được kéo bởi xe ô tô, máy kéo, xe mô tô hai bánh, xe mô tô ba bánh, xe gắn máy (kể cả xe máy điện) và các loại xe tương tự."]
        },  
        {"tag": "nguoidieukhien_giaothong",
         "patterns": ["Khái niệm “người điều khiển giao thông” được hiểu như thế nào là đúng ?",
                     "người điều khiển giao thông là gì " ],
         "responses": ["Là người được giao nhiệm vụ hướng dẫn giao thông tại nơi thi công, nơi ùn tắc giao thông, ở bến phà, tại cầu đường bộ đi chung với đường sắt.và cảnh sát giao thông"]
        },  
        {"tag": "nguoidieukhien_giaothongmatuy",
         "patterns": ["Người điều khiển phương tiện giao thông đường bộ mà trong cơ thể có chất ma túy có bị nghiêm cấm hay không ?"],
         "responses": ["Bị nghiêm cấm."]
        },  
        {"tag": "nongdocon_khitho",
         "patterns": ["Người điều khiển xe mô tô, xe gắn máy trên đường mà trong khí thở có nồng độ cồn vượt quá bao nhiêu thì bị cấm  ?"],
         "responses": ["Nồng độ cồn vượt quá 0.25 miligam/1 lit khí thở."]
        },  
        {"tag": "nongdocon_trongmau",
         "patterns": ["Người điều khiển xe mô tô, xe gắn máy trên đường mà trong máu có nồng độ cồn vượt quá bao nhiêu thì bị cấm ?"],
         "responses": ["Nồng độ cồn vượt quá 50 miligam/100 mililit máu."]
        }, 
        {"tag": "hanhvinghiemcam_tainan",
         "patterns": ["Khi xảy ra tai nạn giao thông, những hành vi nào ghi ở dưới đây bị nghiêm cấm ?",
                     "những hành vi nào bị nghiêm cấm khi xảy ra tai nạn giao thông "],
         "responses": ["Xâm phạm tính mạng, sức khỏe, tài sản của người bị tai nạn giao thông, xâm phạm tính mạng, sức khỏe, tài sản của người gây tai nạn giao thông.Lợi dụng việc xảy ra tai nạn giao thông để hành hung, đe dọa, xúi giục, gây sức ép, làm mất trật tự, cản trở việc xử lý tai nạn giao thông."]
        }, 
        {"tag": "sanxuatmuuaban_sudung_bienxe",
         "patterns": ["Việc sản xuất, mua bán, sử dụng biển xe cơ giới, xe máy chuyên dùng được quy định như thế nào trong Luật giao thông đường bộ  ?",
                     "Luật giao thông đường bộ quy đinh việc sản xuất, mua bán, sử dụng biển xe cơ giới, xe máy chuyên dùng như thế nào  ?" ],
         "responses": ["Nghiêm cấm sản xuất, mua bán, sử dụng trái phép."]
        }, 
        {"tag": "truonghop_khongduocvuotxe",
         "patterns": ["Người lái xe không được vượt xe khác khi gặp trường hợp nào ghi ở dưới đây ?",
                     "Trường hợp nào thì Người lái xe không được vượt xe khác"],
         "responses": ["Trên cầu hẹp có một làn xe, nơi đường giao nhau, đường bộ giao nhau cùng mức với đường sắt., Điều kiện thời tiết hoặc đường không đảm bảo an toàn cho việc vượt, xe ưu tiên đang phát tín hiệu ưu tiên làm nhiệm vụ."]
        }, 
        {"tag": "trachnhiem_antoantrattugiaothong",
         "patterns": ["Bảo đảm trật tự an toàn giao thông đường bộ là trách nhiệm của ai ?",
                     " Ai có trách nhiệm trong việc đảm bảo trật tự an toàn giao thông đường bộ "],
         "responses": ["Là trách nhiệm của cơ quan, tổ chức, cá nhân."]
        }, 
        {"tag": "bien_baohieu",
         "patterns": ["Biển báo hiệu đường bộ gồm những nhóm nào, ý nghĩa của từng nhóm ?"],
         "responses": ["Nhóm biển báo cấm để biểu thị các điều cấm; nhóm biển báo hiệu nguy hiểm để cảnh báo các tình huống nguy hiểm có thể xảy ra, nhóm biển hiệu lệnh để báo hiệu các hiệu lệnh phải thi hành, Nhóm biển chỉ dẫn để chỉ dẫn hướng đi hoặc các điều biết; nhóm biển phụ để thuyết minh bổ sung các loại biển báo cấm, biển báo nguy hiểm, biển hiệu lệnh và biển chỉ dẫn."]
        }, 
        {"tag": "noigiaonhau_dieukhiengiotaythangdung",
         "patterns": ["Tại nơi đường giao nhau, khi người điều khiển giao thông ra hiệu lệnh tay giơ thẳng đứng để báo hiệu thì người tham gia giao thông phải đi như thế nào ?"],
         "responses": ["Người tham gia giao thông ở các hướng phải dừng lại."]
        }, 
        {"tag": "duongbo_khudongdancu",
         "patterns": ["Đường bộ trong khu vực đông dân cư gồm những đường nào ?",
                      "Các loại đường thuộc Đường bộ trong khu vực đông dân cư   ?" ],
         "responses": ["Đường bộ nằm trong khu vực nội thành phố, nội thị xã và những đoạn đường bộ được xác định từ vị trí có hiệu lực của biển báo hiệu “bắt đầu khu đông dân cư” đến vị trí có hiệu lực của biển báo hiệu “hết khu đông dân cư”."]
        },   
        {"tag": "loaixe_khudancu_40km/h",
         "patterns": ["Trên đường bộ trong khu vực đông dân cư, loại xe nào tham gia giao thông với tốc độ tối đa cho phép là 40 km/h ?",
                     "Loại xe nào tham gia giao thông với tốc độ tối đa cho phép là 40 km/h trên đường bộ trong khu vực đông dân cư " ],
         "responses": ["Ô tô chở người trên 30 chỗ ngồi, ô tô tải có trọng tải từ 3500kg trở lên, ô tô sơ mi rơ mooc, ô tô kéo rơ moóc, ô tô kéo xe khác, ô tô chuyên dùng, xe mô tô, xe gắn máy."]
        }, 
        {"tag": "vanhoa_giaothong",
         "patterns": ["Khái niệm về văn hóa giao thông được hiểu như thế nào là đúng ?",
                      " Văn hóa giao thông là gì   ?",
                      " Khái niệm về văn hóa giao thông "],
         "responses": ["Là sự hiểu biết và chấp hành nghiêm chỉnh pháp luật về giao thông, là ý thức trách nhiệm với cộng đồng khi tham gia giao thông.,Là ứng xử văn hóa có tình yêu thương con người trong các tình huống không may xảy ra khi tham gia giao thông."]
        }, 
        {"tag": "congtrinh_duongbo",
         "patterns": ["Khái niệm Công trình đường bộ được hiểu như thế nào là đúng ?",
                     " Công trình đường bộ là gì   ?",
                      " Khái niệm về công trình đường bộ "],
         "responses": ["Công trình đường bộ gồm: Đường bộ, nơi dừng xe, đỗ xe trên đường, đèn tín hiệu, cọc tiêu, biển báo hiệu, dải phân cách, hệ thống thoát nước và công trình, thiết bị phụ trợ khác."]
        }, 
        {"tag": "phanduong_xechay",
         "patterns": ["Khái niệm phần đường xe chạy được hiểu như thế nào là đúng ?",
                     " phần đường xe chạy là gì   ?",
                      " Khái niệm về phần đường xe chạy "],
         "responses": ["phần đường xe chạy là phần của đường bộ được sử dụng cho các phương tiện giao thông qua lại"]
        }, 
        {"tag": "landuong",
         "patterns": ["Khái niệm Làn đường được hiểu như thế nào là đúng ?",
                     "Làn đường  là gì   ?",
                      "Khái niệm về Làn đường "],
         "responses": ["Là một phần của phần đường xe chạy được chia theo chiều dọc của đường, có bề rộng đủ cho xe chạy an toàn."]
        }, 
        {"tag": "khogioihan_duongbo",
         "patterns": ["Khái niệm Khổ giới hạn của đường bộ được hiểu như thế nào là đúng ?",
                     " Khổ giới hạn của đường bộ là gì   ?",
                      " Khái niệm về Khổ giới hạn của đường bộ "],
         "responses": ["Là khoảng trống có kích thước giới hạn về chiều cao, chiều rộng của đường, cầu, hầm trên đường bộ để các xe kể cả hàng hoá xếp trên xe đi qua được an toàn;"]
        }, 
        {"tag": "duong_caotoc",
         "patterns": ["Trong Luật giao thông đường bộ khái niệm Đường cao tốc được hiểu như thế nào là đúng ?",
                     " Đường cao tốc là gì   ?",
                      " Khái niệm về Đường cao tốc "],
         "responses": ["Là đường chỉ dành riêng cho xe cơ giới chạy với tốc độ cao, códải phân cách chia đường cho xe chạy theo hai chiều ngược nhau riêng biệt và không giao cắt cùng mức với đường khác;"]
        }, 
        {"tag": "raduong_caotoc",
         "patterns": ["Nên làm gì nếu muốn ra khỏi đường cao tốc ?",
                     " Muốn ra khỏi đường cao tốc ta phải làm gì  ?"],
         "responses": [" Di chuyển sang làn bên phải hoặc trái, nếu có đường giảm tốc thì phải chạy trên đó rồi mới thoát khỏi đường cao tốc"]
        }, 
        {"tag": "vaoduong_caotoc",
         "patterns": ["người điều khiển phương tiện giao thông vào đường cao tốc nên làm gì ?",
                     "Khi vào đường cao tốc người điều khiển phương tiện giao thông nên làm gì ?"],
         "responses": [" Nhường đường cho các phương tiện đang lưu thông khác và bật tín hiệu xin vào đường cao tốc., Nhập vào làn đường vách ngoài nếu thấy an toàn, Nếu đang di chuyển trên đường tăng tốc thì phải chạy trên đường đó rồi mới vào đường cao tốc."]
        },         
        {"tag": "hamduong_bo",
         "patterns": ["Người điều khiển phương tiện giao thông phải làm gì trong hầm đường bộ ?",
                     "Khi lưu thông  trong hầm đường bộ người điều khiển phương tiện giao thông phải làm gì ?" ],
         "responses": ["Xe cơ giới phải bật đèn sáng kể cả ban ngày, xe thô sơ phải có đèn hoặc vật phát tín hiệu.Chỉ được đỗ xe ở nơi cho phép.Không được lùi xe hay quay đầu."]
        },
        {"tag": "anninh_mang",
         "patterns": ["An ninh mạng là gì",
                     "Khái niệm về an ninh mạng ",
                     "Thế nào được gọi là an ninh mạng"],
         "responses": ["Là sự bảo đảm hoạt động trên không gian mạng không gây phương hại đến an ninh quốc gia, trật tự, an toàn xã hội, quyền và lợi ích hợp pháp của cơ quan, tổ chức, cá nhân"]
        },
        {"tag": "chongpha_nhanuoc",
         "patterns": ["Thông tin trên không gian mạng có nội dung tuyên truyền chống Nhà nước Cộng hòa xã hội chủ nghĩa Việt Nam bao gồm gì ?",
         			  "Các nội dung tuyên truyền chống Nhà nước Cộng hòa xã hội chủ nghĩa Việt Nam trên không gian mạng là gì"],
         "responses": ["Tuyên truyền xuyên tạc, phỉ báng chính quyền nhân dân;Chiến tranh tâm lý, kích động chiến tranh xâm lược, chia rẽ, gây thù hận giữa các dân tộc, tôn giáo và nhân dân các nước;Xúc phạm dân tộc, quốc kỳ, quốc huy, quốc ca, vĩ nhân, lãnh tụ, danh nhân, anh hùng dân tộc."]
        },
        {"tag": "taikhoan_so",
         "patterns": ["Theo Luật An ninh mạng năm 2018 thì Tài khoản số là thông tin dùng để làm gì ?",
                     "Khái niệm về Tài khoản số",
                     "Tài khoản số là thông tin để làm gì ?"],
         "responses": ["Chứng thực, xác thực, phân quyền sử dụng các ứng dụng, dịch vụ trên không gian mạng"]
        },
        {"tag": "thongtinquantrong_anninhquocgia",
         "patterns": ["Hệ thống thông tin quan trọng về an ninh quốc gia bao gồm ?",
                     " Các hệ thông thuộc Hệ thống thông tin quan trọng về an ninh quốc gi "],
         "responses": ["Hệ thống thông tin quân sự, an ninh, ngoại giao, cơ yếu; Hệ thống thông tin phục vụ lưu giữ, bảo quản hiện vật, tài liệu có giá trị đặc biệt quan trọng, Hệ thống thông tin lưu trữ, xử lý thông tin thuộc bí mật nhà nước; Hệ thống thông tin phục vụ bảo quản vật liệu, chất đặc biệt nguy hiểm đối với con người, môi trường sinh thái,Hệ thống thông tin phục vụ bảo quản, chế tạo, quản lý cơ sở vật chất đặc biệt quan trọng khác liên quan đến an ninh quốc gia; Hệ thống thông tin quốc gia thuộc lĩnh vực năng lượng, tài chính, ngân hàng, viễn thông, giao thông vận tải, tài nguyên và môi trường, hóa chất, y tế, văn hóa, báo chí"]
        },
        {"tag": "xuly_vipham",
         "patterns": ["Người có hành vi vi phạm được quy định trong  Luật An ninh mạng thì bị xử lý như thế nào ?"],
         "responses": ["Tùy theo tính chất, mức độ vi phạm mà bị xử lý kỷ luật, xử lý vi phạm hành chính hoặc bị truy cứu trách nhiệm hình sự, nếu gây thiệt hại thì phải bồi thường"]
        },
        {"tag": "doituong_thamdinh",
         "patterns": ["Đâu là đối tượng thẩm định an ninh mạng đối với hệ thống thông tin quan trọng về an ninh quốc gia ?"],
         "responses": ["Báo cáo nghiên cứu tiền khả thi, hồ sơ thiết kế thi công dự án đầu tư xây dựng hệ thống thông tin trước khi phê duyệt; Đề án nâng cấp hệ thống thông tin trước khi phê duyệt"]
        },
        {"tag": "coquan_trachnhiem",
         "patterns": ["Cơ quan nào có trách nhiệm xây dựng và triển khai hoạt động phổ biến kiến thức, nâng cao nhận thức về an ninh mạng cho cơ quan, tổ chức, cá nhân của địa phương ?"],
         "responses": ["Ủy ban nhân dân cấp tỉnh"]
        },    
        {"tag": "khonggian_mang",
         "patterns": ["Không gian mạng quốc gia là gì ?",
                     "Khái niệm Không gian mạng quốc gia "],
         "responses": ["Là không gian mạng do Chính phủ xác lập, quản lý và kiểm soát"]
        },    
        {"tag": "lucluongbaove_anninhmang",
         "patterns": ["Lực lượng bảo vệ an ninh mạng bao gồm những lực lượng nào sau đây ?",
                     " Các lực lượng thuộc lực lượng bảo vệ an ninh mạng "],
         "responses": ["Lực lượng chuyên trách bảo vệ an ninh mạng được bố trí tại Bộ Công an, Bộ Quốc phòng,Lực lượng bảo vệ an ninh mạng được bố trí tại Bộ, ngành, Ủy ban nhân dân cấp tỉnh, cơ quan, tổ chức quản lý trực tiếp hệ thống thông tin quan trọng về an ninh quốc gia,Tổ chức, cá nhân được huy động tham gia bảo vệ an ninh mạng"]
        }, 
        {"tag": "toipham_mang",
         "patterns": ["Tội phạm mạng là ?",
                     "Khái niệm tội phạm mạng"],
         "responses": ["Là hành vi sử dụng không gian mạng, công nghệ thông tin hoặc phương tiện điện tử để thực hiện tội phạm được quy định tại Bộ luật Hình sự"]
        }, 
        {"tag": "hanhvinghiemcam_anninhmang",
         "patterns": ["Có bao nhiêu hành vi bị nghiêm cấm về an ninh mạng ?",
                     " Số hành vi bị nghiêm cấm về an ninh mạng "],
         "responses": ["6"]
        }, 
        {"tag": "botri_lucluong",
         "patterns": ["Lực lượng chuyên trách bảo vệ an ninh mạng được bố trí tại đâu ?"],
         "responses": ["Bộ Công an, Bộ Quốc phòng"]
        }, 
        {"tag": "hieuluc_luatanninhmang",
         "patterns": [" Luật An ninh mạng có hiệu lực kể từ ngày tháng năm nào ?",
                     " Ngày tháng năm nào ban hành có hiệu lực luật an ninh mạng"],
         "responses": ["01/01/2019"]
        }, 
        {"tag": "thongtin_kichdong",
         "patterns": ["Thông tin trên không gian mạng có nội dung kích động gây bạo loạn, phá rối an ninh, gây rối trật tự công cộng bao gồm:"],
         "responses": ["Kêu gọi, vận động, xúi giục, đe dọa, gây chia rẽ, tiến hành hoạt động vũ trang hoặc dùng bạo lực nhằm chống chính quyền nhân dân"]
        },
        {"tag": "hinhphat_quydinhtrong",
         "patterns": ["Theo quy định của pháp luật Việt Nam, hình phạt được quy định trong"],
         "responses": ["Bộ luật Hình sự"]
        }, 
        {"tag": "luatinhsu_quydinh",
         "patterns": ["Luật Hình sự quy định về vấn đề nào sau đây ?",
                       "Các vấn đề được quy định trong luật hình sự"],
         "responses": ["Quy định về tội phạm, hình phạt và những vấn đề liên quan khác."]
        }, 
        {"tag": "phuongphapdieuchinh_luaths",
         "patterns": ["phương pháp điều chỉnh của Luật Hình sự là gì"],
         "responses": ["Phương pháp quyền uy"]
        }, 
        {"tag": "hingphat_nguoinuocngoai",
         "patterns": ["Hình phạt nào chỉ được áp dụng đối với người phạm tội là người nước ngoài",
                     "Đối với người phạm tội là người nước ngoài hình phạt nào được áp dụng"],
         "responses": ["Trục xuất"]
        }, 
        {"tag": "khainiem_thamnhung",
         "patterns": ["Thế nào là tham nhũng ?",
                     "Tham nhũng là gì ?",
                     "Khái niệm về tham nhũng "],
         "responses": ["Tham nhũng là hành vi của người có chức vụ, quyền hạn đã lợi dụng chức vụ, quyền hạn đó vì vụ lợi."]
        }, 
        {"tag": "congdan_phongchongthamnhung",
         "patterns": ["Công dân có quyền gì trong công tác phòng, chống tham nhũng ?",
                     "Trong công tác phòng, chống tham nhũng công dân có những quyền gì ?" ],
         "responses": ["Công dân có quyền phát hiện, phản ánh, tố cáo, tố giác, báo tin về hành vi tham nhũng và được bảo vệ, khen thưởng theo quy định của pháp luật; có quyền kiến nghị với cơ quan nhà nước hoàn thiện pháp luật về phòng, chống tham nhũng và giám sát việc thực hiện pháp luật về phòng, chống tham nhũng.h"]
        }, 
        {"tag": "nguoi_kekhaiaisan",
         "patterns": ["Những người nào có nghĩa vụ kê khai tài sản ?"],
         "responses": ["Cán bộ, công chức nhà nước.Sĩ quan Công an nhân dân; sĩ quan Quân đội nhân dân, quân nhân chuyên nghiệp.Người giữ chức vụ từ Phó trưởng phòng và tương đương trở lên công tác tại đơn vị sự nghiệp công lập, doanh nghiệp nhà nước, người được cử làm đại diện phần vốn nhà nước tại doanh nghiệp; Người ứng cử đại biểu Quốc hội, người ứng cử đại biểu Hội đồng nhân dân."]
        }, 
        {"tag": "hinhthuc_congkhaitochu_hoatdong",
         "patterns": ["Có bao nhiêu hình thức công khai về tổ chức và hoạt động của cơ quan, tổ chức, đơn vị."],
         "responses": [" 8 hình thức."]
        }, 
        {"tag": "vu_loi",
         "patterns": ["Thế nào là vụ lợi.",
                     "Vụ lợi là gì  ?",
                     "Khái niệm về vụ lợi"],
         "responses": ["Vụ lợi là việc người có chức vụ, quyền hạn đã lợi dụng chức vụ, quyền hạn nhằm đạt được lợi ích vật chất hoặc lợi ích phi vật chất không chính đáng."]
        }, 
        {"tag": "quydinh_tangqua",
         "patterns": ["Luật Phòng chống tham nhũng quy định việc tặng quà của cơ quan, tổ chức, đơn vị, người có chức vụ, quyền hạn như thế nào ?"],
         "responses": ["Cơ quan, tổ chức, đơn vị, người có chức vụ, quyền hạn không được sử dụng tài chính công, tài sản công làm quà tặng, trừ trường hợp tặng quà vì mục đích từ thiện, đối ngoại và trong trường hợp cần thiết khác theo quy định của pháp luật."]
        }, 
        {"tag": "hieuluc_phongchongthamnhung",
         "patterns": ["Luật Phòng chống tham nhũng năm 2018 có hiệu lực khi nào ?" ],
         "responses": ["Từ ngày 01 tháng 7 năm 2019."]
        }, 
        {"tag": "xuly_taisanthamnhung",
         "patterns": ["Luật Phòng chống tham nhũng năm 2018 quy định việc xử lý tài sản tham nhũng như thế nào ?"],
         "responses": ["Tài sản tham nhũng phải được thu hồi, trả lại cho chủ sở hữu, người quản lý hợp pháp hoặc tịch thu theo quy định của pháp luật."]
        }, 
        {"tag": "tasan_thunhap",
         "patterns": ["Tài sản, thu nhập phải kê khai bao gồm những gì ?"],
         "responses": ["Quyền sử dụng đất, nhà ở, công trình xây dựng và tài sản khác gắn liền với đất, nhà ở, công trình xây dựng; kim khí quý, đá quý, tiền, giấy tờ có giá và động sản khác mà mỗi tài sản có giá trị từ 50.000.000 đồng trở lên; tài sản, tài khoản ở nước ngoài; tổng thu nhập giữa 02 lần kê khai."]
        },
        {"tag": "nghiavu_kekhaiaisan",
         "patterns": ["Người kê khai tài sản, thu nhập phải có nghĩa vụ gì ?",
                     " Nghia vụ của người kê khai tài sản, thu nhập"],
         "responses": ["Người có nghĩa vụ kê khai phải kê khai tài sản, thu nhập và biến động về tài sản, thu nhập của mình, của vợ hoặc chồng, con chưa thành niên theo quy định của Luật này."]
        }
   ]
}